shot-type,prediction
EWS,0.07913711597211659
LS,0.02212182735092938
MS,0.187012052629143
MCU,0.0666206527967006
CU,0.5914030596613884
ECU,99.05371069908142
