shot-type,prediction
EWS,0.15857358230277896
LS,0.4106567706912756
MS,0.03762392152566463
MCU,0.04626266018021852
CU,2.7874737977981567
ECU,96.55940532684326
