shot-type,prediction
EWS,4.255247116088867
LS,1.0728959925472736
MS,1.556252408772707
MCU,0.07191828917711973
CU,0.5739056039601564
ECU,92.46979355812073
