shot-type,prediction
EWS,0.0010102675332746003
LS,0.004234423613524996
MS,0.006358714745147154
MCU,0.0015024043932498898
CU,0.004054531018482521
ECU,99.98284578323364
