shot-type,prediction
EWS,8.057261311478214e-05
LS,0.0004783132226293674
MS,0.0009619467164156958
MCU,0.00011144828704345855
CU,0.0013403053344518412
ECU,99.99703168869019
