shot-type,prediction
EWS,0.0005353515462047653
LS,0.01924317766679451
MS,14.233994483947754
MCU,85.69620847702026
CU,0.04869162512477487
ECU,0.0013293833035277203
