shot-type,prediction
EWS,0.0027334201149642467
LS,0.025832268875092268
MS,0.46550468541681767
MCU,99.25047159194946
CU,0.251981895416975
ECU,0.003483244654489681
