shot-type,prediction
EWS,0.013122598465997726
LS,0.07579232333227992
MS,11.889352649450302
MCU,85.29988527297974
CU,2.692999877035618
ECU,0.02885167778003961
