shot-type,prediction
EWS,0.0015688214261899702
LS,0.03612668951973319
MS,11.676238477230072
MCU,44.19023394584656
CU,43.82387399673462
ECU,0.271961884573102
