shot-type,prediction
EWS,0.004612197517417371
LS,0.043231912422925234
MS,12.264261394739151
MCU,72.86198139190674
CU,13.758407533168793
ECU,1.0675025172531605
