shot-type,prediction
EWS,0.5754279904067516
LS,10.880684107542038
MS,56.02978467941284
MCU,3.8655921816825867
CU,19.367240369319916
ECU,9.28126946091652
