shot-type,prediction
EWS,1.103045977652073
LS,17.4725741147995
MS,77.74688005447388
MCU,1.726737804710865
CU,0.013790736556984484
ECU,1.9369622692465782
