shot-type,prediction
EWS,0.002826140735123772
LS,0.5483619403094053
MS,99.32100176811218
MCU,0.12477636337280273
CU,0.00041128828343062196
ECU,0.002614847289805766
