shot-type,prediction
EWS,0.0009697038876765873
LS,0.07929773419164121
MS,99.72274899482727
MCU,0.19677956588566303
CU,1.6498586319357855e-05
ECU,0.00018182097392127616
