shot-type,prediction
EWS,5.22158927651617e-05
LS,0.04995174240320921
MS,99.94146823883057
MCU,0.008375511970371008
CU,6.0743616359104635e-06
ECU,0.0001433624106539355
