shot-type,prediction
EWS,99.93539452552795
LS,0.060547864995896816
MS,0.0014080915207159705
MCU,0.0009424124982615467
CU,0.001534186230855994
ECU,0.0001862992235146521
