shot-type,prediction
EWS,99.80390667915344
LS,0.1916692592203617
MS,0.00029177974738558987
MCU,8.284826549243007e-05
CU,0.00036305407320469385
ECU,0.003678274151752703
