shot-type,prediction
EWS,56.45027756690979
LS,43.19848418235779
MS,0.27741489466279745
MCU,0.026242679450660944
CU,0.0025076042220462114
ECU,0.04507848352659494
