shot-type,prediction
EWS,97.80272245407104
LS,0.210005440749228
MS,0.009389534534420818
MCU,0.0016279602277791128
CU,0.03772367781493813
ECU,1.9385350868105888
