shot-type,prediction
EWS,99.73777532577515
LS,0.2598532009869814
MS,0.0009310480891144834
MCU,0.00016876176687219413
CU,0.00023435725324816303
ECU,0.0010454067705722991
