shot-type,prediction
EWS,9.481135755777359
LS,90.50389528274536
MS,0.013615192438010126
MCU,0.00034690340271481546
CU,0.0004390236881590681
ECU,0.0005664735908794682
