shot-type,prediction
EWS,0.5177948158234358
LS,90.81781506538391
MS,7.239512354135513
MCU,0.606550695374608
CU,0.16308969352394342
ECU,0.6552403327077627
