shot-type,prediction
EWS,0.003349044345668517
LS,99.97408986091614
MS,0.02237360895378515
MCU,6.76106878927385e-05
CU,4.234577772876946e-05
ECU,7.512560387112899e-05
