shot-type,prediction
EWS,0.43964008800685406
LS,99.56027269363403
MS,6.849668920949625e-05
MCU,1.0684495954649265e-06
CU,4.8564775312343045e-06
ECU,1.0500311020678055e-05
