shot-type,prediction
EWS,0.10780573356896639
LS,99.36636686325073
MS,0.5248165223747492
MCU,0.0007825442480680067
CU,2.1127181071278756e-05
ECU,0.00020441802917048335
