shot-type,prediction
EWS,0.018552584515418857
LS,0.041334418347105384
MS,4.507554322481155
MCU,23.0414018034935
CU,55.26382923126221
ECU,17.127323150634766
