shot-type,prediction
EWS,4.029594151688798e-05
LS,9.843132602327387e-05
MS,1.629512240697295e-05
MCU,0.0014136050594970584
CU,99.99667406082153
ECU,0.0017643271348788403
