shot-type,prediction
EWS,1.7422057688236237
LS,0.25421231985092163
MS,37.709856033325195
MCU,25.04669427871704
CU,34.919190406799316
ECU,0.327840493991971
