shot-type,prediction
EWS,5.251581001175509e-05
LS,0.0002533061206122511
MS,0.0001245923044734809
MCU,0.001030642852128949
CU,99.98375177383423
ECU,0.014797876065131277
