shot-type,prediction
EWS,0.00018177255469709053
LS,0.0009342890734842513
MS,0.0020576728275045753
MCU,0.020115860388614237
CU,99.84234571456909
ECU,0.13437984744086862
